-- Data for Name: areas; Type: TABLE DATA; Schema: public; Owner: talented

COPY areas (id, name) FROM stdin;
1	Продажи
2	Закупки
4	ВЭД
5	Маркетинг
6	Реклама, PR
7	Дизайн, фото
8	HR
9	Логистика
10	Финансы
11	Бухгалтерия, аудит
12	Офисные и административные службы
13	Высший менеджмент
14	IT
15	Интернет/ Online
16	Технические и производственные специальности
17	Юридическая служба
20	Без опыта работы
21	Фриланс
19	Практика, стажировка, подработка
\.

SELECT pg_catalog.setval('areas_id_seq', 21, true);


-- Data for Name: industries; Type: TABLE DATA; Schema: public; Owner: talented

COPY industries (id, name) FROM stdin;
1	IT
2	Телеком
5	СМИ
7	Интернет/ Online
8	ТНП
9	Добывающая промышленность
10	Транспорт, логистика
11	Банковская деятельность
13	Финансовые институты
14	Маркетинг, реклама, PR
15	Услуги для бизнеса, консалтинг
16	Строительство, недвижимость, архитектура
17	Медицина, фармация, ветеринария
18	Образование, наука, психология
19	Retail (розничная торговля)
20	HoReCa, сфера услуг
22	Сельское хозяйство
23	Домашний и обслуживающий персонал
25	Социальная работа, благотворительность, волонтёрство
\.

SELECT pg_catalog.setval('industries_id_seq', 25, true);


-- Data for Name: keyword_groups; Type: TABLE DATA; Schema: public; Owner: talented

COPY keyword_groups (id, keywords, industry_id, area_id) FROM stdin;
3	{"управление проектами",проекта,"project management","project manager"}	1	14
4	{программист,программер,разработчик,developer}	1	14
6	{IT,ИТ,ИТ-специалист,IT-специалист}	1	14
9	{тестировщик}	1	14
14	{database,"data base","баз данных"}	1	14
22	{web-аналитик,"web аналитик","веб-аналитик ","веб аналитик"}	\N	15
25	{интернет-маркетинг,"интернет маркетинг",интернет-проект,"интернет проект","online marketing"}	\N	15
27	{"оптимизация и продвижение сайтов","оптимизация сайтов","продвижение сайтов",SEO}	\N	15
31	{редактор}	5	\N
32	{копирайтер}	5	\N
35	{арт-директор,"арт директор","art director"}	14	6
40	{промоутер,промо,promo,"специальные мероприятия","проведение акций"}	14	5
7	{"системный администратор",сисадмин,системный}	1	14
43	{PR,"связи с общественностью","по связям с общественностью",пиар,пиарщик}	14	6
46	{фото,фотограф}	\N	7
47	{видео,оператор,съемка,видеосъемка}	\N	7
51	{"отдел кадров",кадров,"по кадрам ",делопроизводство,"кадровое ","кадровое сопровождение"}	\N	8
34	{маркетинг,маркетолог,"по маркетингу",marketing,маркетинговый}	14	5
26	{e-commerce,"электронная коммерция",e-shop,интернет-магазин,"интернет магазин"}	7	15
30	{журналист,журналистика,СМИ}	5	\N
28	{контент-менеджер,"контент менеджер","content manager","по контенту"}	\N	15
50	{"поиск и подбор персонала","подбор персонала","по подбору",рекрутмент,рекрутер,"recruiter ","recruitment ","recruiting ",ресечер,"ресёчер ",researcher,"Executive Search","Graduate Recruitment",staffing,hiring,sourcing,headhunting,"head hunting"}	\N	8
20	{online,интернет,web}	7	15
18	{мультимедиа,multimedia,digital,диджитал}	1	14
19	{телеком,telecom,telco,telecommunications,телекоммуникации}	2	\N
24	{проектировщик,"проектировщик интерфейса"}	1	14
17	{helpdesk,"поддержка пользователей","с пользователями"}	1	14
55	{финансы,finance,"финансы и кредит",финансовый,financial,финансист}	\N	10
36	{"brand manager","бренд-менеджер ","бренд менеджер",brand-manager,"brand director"}	14	5
41	{"client service","account manager",account,"account director","руководитель клиентской группы",аккаунт}	14	6
45	{дизайн,дизайнер,design,designer,"графического дизайна"}	14	7
29	{ТНП,"consumer goods"}	8	\N
56	{экономист}	\N	10
62	{аудит,аудитор,audit}	\N	11
63	{казначейство,treasury}	\N	11
64	{инкассация,инкассатор}	11	11
71	{курьер}	\N	12
49	{HR,эйчар,"по персоналу",персонала,"управление персоналом",personnel}	\N	8
39	{"анализ рынка","market analyst","market analysis","marketing analyst","marketing analysis","маркетинговый анализ"}	14	5
38	{"trade marketing","торговый маркетинг"}	14	5
23	{web-дизайнер,"web дизайнер ","web designer","web design",веб-дизайнер,"веб дизайнер","разработка интерфейса","дизайн сайта"}	\N	15
8	{"IT аналитик ","IT analyst","ИТ аналитик"}	1	14
21	{верстальщик,дизайнер-верстальщик,"дизайнер верстальщик",верстка,вёрстка,сверстать}	5	15
37	{"product manager",product-manager,"менеджер по продукту",продакт}	14	5
44	{реклама,"по рекламе","рекламное агентство",ads,advertising,рекламщик}	14	6
80	{CTO,"технический директор"}	\N	13
91	{слесарь,слесарь-наладчик}	9	16
85	{механик,автомеханик}	\N	16
75	{директор,director,руководитель,начальник,head}	\N	13
65	{"банковская деятельность",банковская,банк,банки,"в банке",bank,banking}	11	\N
87	{технолог,technologist}	\N	16
57	{"финансы и кредит",финансы,finance,финансист}	13	\N
86	{электромеханик,механик}	\N	16
74	{call-центр,"call центр ","call center","call centre","оператор на телефоне","оператором на телефоне"}	\N	12
67	{офис-менеджер,"офис менеджер"}	\N	12
82	{юрист,юрисконсульт,legal}	\N	17
68	{"персональный ассистент","personal assistant","личный помощник","личный ассистент",PA,ассистент,бизнес-ассистент,"помощник руководителя"}	\N	12
69	{секретарь,secretary}	\N	12
58	{бухгалтерия,бухгалтер,бухгалтерского,accountant}	\N	11
81	{производство,производственный,production,завод,plant,facilities}	\N	16
83	{инженер,инженер-конструктор,инженер-проектировщик,engineer}	\N	16
61	{налоги,налоговый,tax,VAT}	\N	11
77	{управляющий}	\N	13
78	{CFO,"finance director","финансовый директор","директор по финансам"}	\N	13
84	{конструктор,инженер-конструктор}	\N	16
122	{туризм,туристический,travel,"business travel"}	20	\N
94	{нотариус}	\N	17
99	{студент,студентка}	\N	19
100	{практика,"выпускник ","для прохождения практики ",практикант}	\N	19
105	{уборка,"по уборке",уборщик,уборщица}	23	\N
109	{гувернантка,"гувернантки ",гувернер,воспитатель,наставник}	23	\N
110	{домработница,"по хозяйству"}	23	\N
114	{парикмахер}	23	\N
115	{визажист,косметолог-визажист}	23	\N
113	{стилист}	23	\N
116	{косметолог}	23	\N
124	{бармен}	20	\N
126	{официант,официантка}	20	\N
130	{кассир,продавец-кассир}	19	\N
134	{управляющий,"директор магазина","store manager","store assistant"}	19	\N
135	{мерчендайзинг,выкладка,"мерчендайзер ",мерч,merchandiser}	19	\N
138	{психолог}	18	\N
139	{медицина,медицины,врач,медицинский,medical,healthcare}	17	\N
142	{педиатр}	17	\N
143	{стоматолог}	17	\N
144	{терапевт}	17	\N
145	{хирург}	17	\N
146	{офтальмолог}	17	\N
76	{CEO,"генеральный директор","general director","general manager",GM}	\N	13
104	{водитель,"личном авто","личном а/м"}	23	12
72	{переводчик,синхронист,перевод,translator,interpreter,"переводить ",перевожу}	\N	12
90	{сварщик,"электросварщик электрогазосварщик"}	16	16
129	{продавец-консультант,"продавец консультант",консультант-продавец}	19	1
101	{стажировка,internship,probation,trainee}	\N	19
128	{продавец,продавцом,"продавца ","в сфере продаж","в продажах","по продаже"}	19	1
147	{фармацевт}	17	\N
148	{провизор}	17	\N
118	{HoReCa,хорека}	20	\N
131	{"администратор магазина","администратор бутика","управляющий магазином","администратор салона"}	19	\N
103	{"без опыта","опыта работы пока нет","опыта нет","нет опыта"}	\N	20
89	{электрик,электромонтер,электрослесарь,электро}	\N	16
140	{ветеринария,ветеринар,ветеринаром,"в ветеринарной сфере",ветеринарный,ветеринария,"veterinary ",veterinarian,"pet treatment","pet care",petcare,"vet specialist"}	17	\N
136	{преподаватель,учитель,лектор,"teacher ",tutor,lecturer,образовательный}	18	\N
127	{"розничная торговля",retail,"розничный ",магазин,"розничная сеть",сетевой,"retail chain","store ",shop,DIY}	19	\N
107	{няня,няни,няней}	23	\N
123	{администратор}	20	\N
141	{медработник,медсестра,медбрат}	17	\N
121	{рестораны,"в ресторанной сфере",ресторанного,кафе,restaurants,cafe}	20	\N
125	{хостес,hostess}	20	\N
117	{с/х,"сельское хозяйство",сельскохозяйственный,фермер,агро,агропромышленный,agricultural}	22	\N
149	{ЛОР}	17	\N
150	{"управление проектами","project management"}	15	\N
151	{консалтинг,consulting,консультант,consultant}	15	\N
152	{аутсорсинг,outsoursing}	15	\N
155	{страхование,страховщик}	13	\N
156	{бариста}	20	\N
161	{"директор по продажам","sales director"}	\N	1
163	{"торговый представитель","sales representative","sales rep"}	\N	1
166	{ВЭД,внешнеэкономическая,"внешне экономическая"}	\N	4
167	{"директор по маркетингу","marketing director"}	\N	5
168	{склад,склада,складской,"начальник склада",warehouse}	10	9
169	{аптеки,"заведующий аптекой","сеть аптек","аптечная сеть"}	17	\N
171	{"с проживанием"}	23	\N
172	{сметчик,инженер-сметчик,экономист-сметчик}	16	16
213	{ПО,"программное обеспечение",софтверный,software}	1	14
181	{стропальщик}	9	\N
182	{токарь}	\N	16
179	{оператор,"оператор ООУ","оператор ДНГ","оператор ТУ"}	9	16
177	{автоматизация,АТП,АСУТП,"АСУ ТП","КИП и А",КИП,КИПиА}	9	16
187	{строительство,строитель,строительный,construction}	16	\N
184	{крановщик}	\N	16
185	{бурильщик}	9	\N
175	{машинист}	24	16
186	{вахта,вахтовый}	\N	16
164	{опт,оптовые,оптовых,wholesale}	\N	1
189	{"промышленный альпинист"}	16	\N
195	{макетчик}	16	\N
158	{"развитие бизнеса","развитию бизнеса","по развитию","business development","biz development","development manager"}	\N	1
190	{мозаичник}	16	\N
191	{каменщик}	16	\N
192	{плиточник}	16	\N
199	{маляр}	16	\N
200	{кровельщик}	16	\N
201	{сантехник}	16	\N
202	{разнорабочий}	16	\N
205	{"технический директор",техдир,CTO}	1	14
154	{CRM}	15	14
173	{архитектор,architect}	16	\N
197	{мастер}	16	16
180	{монтажник}	16	16
193	{прораб,"нач. участка",нач.участка,"начальник участка"}	16	16
120	{гостиницы,гостиничный,hotel,отель,"администратор отеля","управляющий отелем"}	20	\N
157	{продажи,продаж,"по продажам",sales,сейлс,сейлз,селз}	\N	1
183	{повар,шеф-повар,су-шеф,сушеф,chef}	20	\N
210	{FMCG}	8	\N
54	{логистика,логист,"в логистике","по логистике ","logistics ",экспедитор}	10	9
212	{НКО,некоммерческие,благотоворительность}	12	\N
203	{недвижимость,"real estate",девелопмент,девелоперский}	16	\N
162	{супервайзер,supervisor,TSE}	\N	1
215	{таможня,таможенный,customs}	\N	4
165	{закупки,закупщик,закупок,"по закупкам",баер,баинг,buyer,buying}	\N	2
178	{"нефть и газ",нефть,газ,нефтегазовый,днг,oil&gas,oil,gas,нефтегазопровод,нефтяной,газовый,нефтегазохранилище,petrochemicals}	9	\N
211	{"supply chain",снабжение,"по поставкам","по отгрузкам",товародвижение,SCM}	10	9
160	{"региональный менеджер","по региональным",региональному,РСМ,"территориальный ",территориальному,"regional sales",RSM,"territory sales",TSM,"district sales",DSM,"field sales"}	\N	1
206	{"fashion retail",fashion,фэшн,бутик,аутлет,outlet}	19	\N
170	{фриланс,фрилансер,"на фрилансе",freelance,freelancer,independent}	\N	21
216	{импорт,import}	\N	4
214	{сомелье,sommelier}	20	\N
159	{КАМ,"ключевыми клиентами","ключевых клиентов",KAM,"key account",NKAM,KAE}	\N	1
217	{экспорт,export}	\N	4
223	{пресс-секретарь,пресс-атташе}	5	6
224	{риэлтор,риелтор,realtor}	16	\N
226	{"категорийный менеджер",категории,категорийный,категорийщик,"category manager",category}	19	5
228	{mining,добыча,горнодобывающая}	9	\N
227	{дистрибуция,дистрибьюция,дистрибутор,дистрибьютор,distribution,distributor}	\N	1
229	{художник,artist,painter}	\N	7
231	{одежда,"одежный ",apparel,"wear ",sportswear}	8	\N
232	{обувь,"обувной ",footwear}	8	\N
233	{"политики и процедуры","HR policies","HR admin","HR администрирование","планирование персонала","workforce planning"}	\N	8
230	{"Consumer Electronics",CE,электроника,appliances}	8	\N
219	{библиотекарь,библиотекарем}	18	\N
79	{CIO,"IT директор","IT director","ИТ директор"}	1	13
220	{"на дому",дома,"из дома"}	\N	19
237	{продвижение,promotion,ивенты,events,промо,promo,"специальные мероприятия","проведение акций",BTL}	14	5
234	{"оценка персонала",assessment,"assessment centre","assessment center","центр оценки","оценка и развитие",evaluation,"Performance Management","Performance Appraisal"}	\N	8
208	{"digital marketing",digital,диджитал}	14	5
153	{ERP}	15	14
236	{"Employer Branding"}	\N	8
204	{IT-консультант,ИТ-консультант,"IT консалтинг","ИТ консалтинг","IT consultant","IT consulting"}	1	14
209	{media,"медиа ","TV ",ТВ,радио,radio,медийщик}	14	6
218	{репетитор,репетитором}	18	\N
53	{"компенсации и льготы",C&B,"компенсациям и льготам"}	\N	8
238	{"администратор сайта ","веб администратор",вебадмин,админ,"admin ","web admin ","web администратор","web admin","администрирование сайтов","поддержка сайта"}	1	15
222	{vетролог}	\N	16
235	{"social media","социальные медиа",соцмедиа,"соц. медиа","социальные сети",соцсети,SMM,SMO}	7	5
225	{удаленно,удаленную,удаленка,"на удаленке","на удаленной основе"}	\N	19
221	{2/2,"2 через 2","два через два",2-2,2х2}	\N	19
66	{АХО,административно-хозяйственный,администрация,административный,administration,administrative}	\N	12
239	{перевозки,"по перевозкам",транспорт,"транспортная логистика",transportation,shipping,газель,камаз}	10	\N
52	{"обучение и развитие",T&D,"обучение персонала","развитие персонала",тренинги,trainings,L&D,"Talent Development"}	\N	8
240	{психотерапевт}	18	\N
102	{подработка,"ищу подработку","неполный день","не полный день","неполный рабочий день",временно,"временная занятость","неполная занятость","свободный график","по совместительству","половине дня"}	\N	19
242	{благотворительность,благотворительный}	25	\N
243	{"некоммерческие организации",НКО,некоммерческая,некомерческая}	25	\N
244	{волонтёрство,волонтерство,"волонтёр ",волонтер}	25	\N
241	{"социальная работа","уход за больными","уход за престарелыми","уход за стариками","уход за инвалидами","социальная сфера","социальный работник","социальный педагог","помощь на дому"}	25	\N
245	{креатив,креативщик,"генератор идей"}	14	6
246	{делопроизводство,делопроизводитель}	\N	12
247	{продавец-кассир,"продавец кассир",кассир-продавец}	19	1
\.

SELECT pg_catalog.setval('keyword_groups_id_seq', 247, true);
